context,checkpoint_file,run_id,task_id,chunk_index,documento,agent_id,model,ok,failure_reason,truncated,final_estados,would_have_been_accepted_without_cut
checkpoints,checkpoints/chunked-04210f062b48.checkpoint.json,chunked-04210f062b48,task-d6fc337d5f3e,0,RW-0011,fda_cgmp_211_agent,qwen2.5:7b-instruct-q4_K_M,True,,False,21_CFR_211.68(b)=evidencia_insuficiente,N/A_no_truncado
checkpoints,checkpoints/chunked-04210f062b48.checkpoint.json,chunked-04210f062b48,task-84d4759c796c,1,RW-0011,fda_cgmp_211_agent,qwen2.5:7b-instruct-q4_K_M,True,,False,21_CFR_211.68(b)=evidencia_insuficiente,N/A_no_truncado
checkpoints,checkpoints/chunked-04210f062b48.checkpoint.json,chunked-04210f062b48,task-0ecf0d6e5fe7,2,RW-0011,fda_cgmp_211_agent,qwen2.5:7b-instruct-q4_K_M,True,,False,21_CFR_211.68(b)=evidencia_insuficiente,N/A_no_truncado
checkpoints,checkpoints/chunked-04210f062b48.checkpoint.json,chunked-04210f062b48,task-63329dccf91d,3,RW-0011,fda_cgmp_211_agent,qwen2.5:7b-instruct-q4_K_M,True,,False,21_CFR_211.68(b)=evidencia_insuficiente,N/A_no_truncado
checkpoints,checkpoints/chunked-04210f062b48.checkpoint.json,chunked-04210f062b48,task-cdce42b4dd26,4,RW-0011,fda_cgmp_211_agent,qwen2.5:7b-instruct-q4_K_M,True,,False,21_CFR_211.68(b)=evidencia_insuficiente,N/A_no_truncado
checkpoints,checkpoints/chunked-04c431b29c1a.checkpoint.json,chunked-04c431b29c1a,task-d7ffe7279bce,0,RW-0005,fda_part11_agent,qwen2.5:7b-instruct-q4_K_M,False,schema_validation_failed,False,21_CFR_11.10(a)=evidencia_insuficiente | 21_CFR_11.10(d)=cumple_parcialmente | 21_CFR_11.10(e)=evidencia_insuficiente | 21_CFR_11.10(g)=evidencia_insuficiente | 21_CFR_11.50_11.70=evidencia_insuficiente | None=None,N/A_fallo_no_truncamiento
checkpoints,checkpoints/chunked-1282d0d84186.checkpoint.json,chunked-1282d0d84186,task-ee6970fa2aff,0,RW-0005,eu_annex11_agent,qwen2.5:7b-instruct-q4_K_M,True,,False,ANNEX11_4=evidencia_insuficiente,N/A_no_truncado
checkpoints,checkpoints/chunked-1282d0d84186.checkpoint.json,chunked-1282d0d84186,task-fd478b64e48a,1,RW-0005,eu_annex11_agent,qwen2.5:7b-instruct-q4_K_M,True,,False,ANNEX11_4=evidencia_insuficiente,N/A_no_truncado
checkpoints,checkpoints/chunked-1282d0d84186.checkpoint.json,chunked-1282d0d84186,task-a1c1cf4b3307,2,RW-0005,eu_annex11_agent,qwen2.5:7b-instruct-q4_K_M,True,,False,ANNEX11_4=evidencia_insuficiente,N/A_no_truncado
checkpoints,checkpoints/chunked-1282d0d84186.checkpoint.json,chunked-1282d0d84186,task-45483d85884c,3,RW-0005,eu_annex11_agent,qwen2.5:7b-instruct-q4_K_M,True,,False,ANNEX11_4=evidencia_insuficiente,N/A_no_truncado
checkpoints,checkpoints/chunked-1282d0d84186.checkpoint.json,chunked-1282d0d84186,task-dc8ac7d27466,4,RW-0005,eu_annex11_agent,qwen2.5:7b-instruct-q4_K_M,True,,False,ANNEX11_4=evidencia_insuficiente,N/A_no_truncado
checkpoints,checkpoints/chunked-2114e7f403b2.checkpoint.json,chunked-2114e7f403b2,task-9f7c15d2e674,0,RW-0012,fda_cgmp_211_agent,qwen2.5:7b-instruct-q4_K_M,True,,False,21_CFR_211.68(b)=evidencia_insuficiente,N/A_no_truncado
checkpoints,checkpoints/chunked-2678358a06b3.checkpoint.json,chunked-2678358a06b3,task-0004e47eb9cf,0,RW-0005,fda_part11_agent,qwen2.5:7b-instruct-q4_K_M,True,,False,21_CFR_11.10(e)=cumple_parcialmente,N/A_no_truncado
checkpoints,checkpoints/chunked-2c3e4b52c953.checkpoint.json,chunked-2c3e4b52c953,task-ac630e8574d3,0,RW-0005,fda_part11_agent,qwen2.5:7b-instruct-q4_K_M,True,,False,21_CFR_11.10(g)=cumple_parcialmente,N/A_no_truncado
checkpoints,checkpoints/chunked-2c3e4b52c953.checkpoint.json,chunked-2c3e4b52c953,task-fbf8c937caf3,1,RW-0005,fda_part11_agent,qwen2.5:7b-instruct-q4_K_M,True,,False,21_CFR_11.10(g)=evidencia_insuficiente,N/A_no_truncado
checkpoints,checkpoints/chunked-2c3e4b52c953.checkpoint.json,chunked-2c3e4b52c953,task-8a52238533ad,2,RW-0005,fda_part11_agent,qwen2.5:7b-instruct-q4_K_M,True,,False,21_CFR_11.10(g)=cumple_parcialmente,N/A_no_truncado
checkpoints,checkpoints/chunked-2c3e4b52c953.checkpoint.json,chunked-2c3e4b52c953,task-e13ab8d9155a,3,RW-0005,fda_part11_agent,qwen2.5:7b-instruct-q4_K_M,True,,False,21_CFR_11.10(g)=evidencia_insuficiente,N/A_no_truncado
checkpoints,checkpoints/chunked-2c3e4b52c953.checkpoint.json,chunked-2c3e4b52c953,task-8582d342f9bf,4,RW-0005,fda_part11_agent,qwen2.5:7b-instruct-q4_K_M,True,,False,21_CFR_11.10(g)=evidencia_insuficiente,N/A_no_truncado
checkpoints,checkpoints/chunked-2e28195523f9.checkpoint.json,chunked-2e28195523f9,task-f166737aef64,0,RW-0005,alcoa_plus_agent,qwen2.5:7b-instruct-q4_K_M,True,,False,ALCOA_CONTEMPORANEOUS=evidencia_insuficiente,N/A_no_truncado
checkpoints,checkpoints/chunked-2e28195523f9.checkpoint.json,chunked-2e28195523f9,task-38adb3c65da1,1,RW-0005,alcoa_plus_agent,qwen2.5:7b-instruct-q4_K_M,True,,False,ALCOA_CONTEMPORANEOUS=evidencia_insuficiente,N/A_no_truncado
checkpoints,checkpoints/chunked-2e28195523f9.checkpoint.json,chunked-2e28195523f9,task-d8ae2c773e45,2,RW-0005,alcoa_plus_agent,qwen2.5:7b-instruct-q4_K_M,True,,False,ALCOA_CONTEMPORANEOUS=evidencia_insuficiente,N/A_no_truncado
checkpoints,checkpoints/chunked-2e28195523f9.checkpoint.json,chunked-2e28195523f9,task-9c7f51f455d8,3,RW-0005,alcoa_plus_agent,qwen2.5:7b-instruct-q4_K_M,True,,False,ALCOA_CONTEMPORANEOUS=evidencia_insuficiente,N/A_no_truncado
checkpoints,checkpoints/chunked-2e28195523f9.checkpoint.json,chunked-2e28195523f9,task-63411211d1ad,4,RW-0005,alcoa_plus_agent,qwen2.5:7b-instruct-q4_K_M,True,,False,ALCOA_CONTEMPORANEOUS=evidencia_insuficiente,N/A_no_truncado
checkpoints,checkpoints/chunked-2ef3d38d2538.checkpoint.json,chunked-2ef3d38d2538,task-70b3354a5168,0,RW-0005,alcoa_plus_agent,qwen2.5:7b-instruct-q4_K_M,True,,False,UNPARSEABLE_RAW_RESPONSE,N/A_no_truncado
checkpoints,checkpoints/chunked-50534e75927c.checkpoint.json,chunked-50534e75927c,task-bf3897479d56,0,RW-0005,fda_part11_agent,qwen2.5:7b-instruct-q4_K_M,True,,False,21_CFR_11.10(e)=cumple_parcialmente,N/A_no_truncado
checkpoints,checkpoints/chunked-50534e75927c.checkpoint.json,chunked-50534e75927c,task-1cec697ae89c,1,RW-0005,fda_part11_agent,qwen2.5:7b-instruct-q4_K_M,True,,False,21_CFR_11.10(e)=evidencia_insuficiente,N/A_no_truncado
checkpoints,checkpoints/chunked-50534e75927c.checkpoint.json,chunked-50534e75927c,task-cb44216ff6d2,2,RW-0005,fda_part11_agent,qwen2.5:7b-instruct-q4_K_M,True,,False,21_CFR_11.10(e)=evidencia_insuficiente,N/A_no_truncado
checkpoints,checkpoints/chunked-50534e75927c.checkpoint.json,chunked-50534e75927c,task-faaf94fc5904,3,RW-0005,fda_part11_agent,qwen2.5:7b-instruct-q4_K_M,True,,False,21_CFR_11.10(e)=evidencia_insuficiente,N/A_no_truncado
checkpoints,checkpoints/chunked-50534e75927c.checkpoint.json,chunked-50534e75927c,task-a19808aa3603,4,RW-0005,fda_part11_agent,qwen2.5:7b-instruct-q4_K_M,True,,False,21_CFR_11.10(e)=evidencia_insuficiente,N/A_no_truncado
checkpoints,checkpoints/chunked-5077df33d5ae.checkpoint.json,chunked-5077df33d5ae,task-9d32af80f7dc,0,RW-0012,fda_cgmp_211_agent,qwen2.5:7b-instruct-q4_K_M,True,,False,21_CFR_211.68(b)=evidencia_insuficiente,N/A_no_truncado
checkpoints,checkpoints/chunked-5077df33d5ae.checkpoint.json,chunked-5077df33d5ae,task-f1c0c662b15f,1,RW-0012,fda_cgmp_211_agent,qwen2.5:7b-instruct-q4_K_M,True,,False,21_CFR_211.68(b)=evidencia_insuficiente,N/A_no_truncado
checkpoints,checkpoints/chunked-5077df33d5ae.checkpoint.json,chunked-5077df33d5ae,task-b1b3afd99e13,2,RW-0012,fda_cgmp_211_agent,qwen2.5:7b-instruct-q4_K_M,True,,False,21_CFR_211.68(b)=evidencia_insuficiente,N/A_no_truncado
checkpoints,checkpoints/chunked-5077df33d5ae.checkpoint.json,chunked-5077df33d5ae,task-33649aa70920,3,RW-0012,fda_cgmp_211_agent,qwen2.5:7b-instruct-q4_K_M,True,,False,21_CFR_211.68(b)=evidencia_insuficiente,N/A_no_truncado
checkpoints,checkpoints/chunked-5077df33d5ae.checkpoint.json,chunked-5077df33d5ae,task-60130ea98961,4,RW-0012,fda_cgmp_211_agent,qwen2.5:7b-instruct-q4_K_M,True,,False,21_CFR_211.68(b)=evidencia_insuficiente,N/A_no_truncado
checkpoints,checkpoints/chunked-510444cedc9b.checkpoint.json,chunked-510444cedc9b,task-b65d0d7091b8,0,RW-0011,fda_cgmp_211_agent,qwen2.5:7b-instruct-q4_K_M,True,,False,21_CFR_211.68(b)=evidencia_insuficiente,N/A_no_truncado
checkpoints,checkpoints/chunked-53013aa25324.checkpoint.json,chunked-53013aa25324,task-acac76e0c089,0,RW-0011,fda_cgmp_211_agent,qwen2.5:7b-instruct-q4_K_M,True,,False,21_CFR_211.68(b)=evidencia_insuficiente,N/A_no_truncado
checkpoints,checkpoints/chunked-554544f4090f.checkpoint.json,chunked-554544f4090f,task-e0a6cb35d656,0,RW-0011,fda_cgmp_211_agent,qwen2.5:7b-instruct-q4_K_M,True,,False,21_CFR_211.68(b)=evidencia_insuficiente,N/A_no_truncado
checkpoints,checkpoints/chunked-596f70cc4520.checkpoint.json,chunked-596f70cc4520,task-3d9d395fa99e,0,RW-0005,alcoa_plus_agent,qwen2.5:7b-instruct-q4_K_M,True,,False,ALCOA_CONTEMPORANEOUS=cumple_parcialmente,N/A_no_truncado
checkpoints,checkpoints/chunked-5a439f3fde11.checkpoint.json,chunked-5a439f3fde11,task-ab7c88d3f05d,0,RW-0011,alcoa_plus_agent,qwen2.5:7b-instruct-q4_K_M,True,,False,ALCOA_ATTRIBUTABLE=evidencia_insuficiente,N/A_no_truncado
checkpoints,checkpoints/chunked-7bbadb0a92b7.checkpoint.json,chunked-7bbadb0a92b7,task-a058b20e95b2,0,RW-0005,alcoa_plus_agent,qwen2.5:7b-instruct-q4_K_M,True,,False,ALCOA_CONTEMPORANEOUS=evidencia_insuficiente,N/A_no_truncado
checkpoints,checkpoints/chunked-7bbadb0a92b7.checkpoint.json,chunked-7bbadb0a92b7,task-f63383dd41fa,1,RW-0005,alcoa_plus_agent,qwen2.5:7b-instruct-q4_K_M,True,,False,ALCOA_CONTEMPORANEOUS=evidencia_insuficiente,N/A_no_truncado
checkpoints,checkpoints/chunked-7bbadb0a92b7.checkpoint.json,chunked-7bbadb0a92b7,task-5384494a97e1,2,RW-0005,alcoa_plus_agent,qwen2.5:7b-instruct-q4_K_M,True,,False,ALCOA_CONTEMPORANEOUS=evidencia_insuficiente,N/A_no_truncado
checkpoints,checkpoints/chunked-7bbadb0a92b7.checkpoint.json,chunked-7bbadb0a92b7,task-beb6d7fab02f,3,RW-0005,alcoa_plus_agent,qwen2.5:7b-instruct-q4_K_M,True,,False,ALCOA_CONTEMPORANEOUS=evidencia_insuficiente,N/A_no_truncado
checkpoints,checkpoints/chunked-7bbadb0a92b7.checkpoint.json,chunked-7bbadb0a92b7,task-417151794605,4,RW-0005,alcoa_plus_agent,qwen2.5:7b-instruct-q4_K_M,True,,False,ALCOA_CONTEMPORANEOUS=evidencia_insuficiente,N/A_no_truncado
checkpoints,checkpoints/chunked-7bbadb0a92b7.checkpoint.json,chunked-7bbadb0a92b7,task-32d1c172fed0,5,RW-0005,alcoa_plus_agent,qwen2.5:7b-instruct-q4_K_M,True,,False,ALCOA_CONTEMPORANEOUS=evidencia_insuficiente,N/A_no_truncado
checkpoints,checkpoints/chunked-7bbadb0a92b7.checkpoint.json,chunked-7bbadb0a92b7,task-0362fff5965f,6,RW-0005,alcoa_plus_agent,qwen2.5:7b-instruct-q4_K_M,True,,False,ALCOA_CONTEMPORANEOUS=evidencia_insuficiente,N/A_no_truncado
checkpoints,checkpoints/chunked-7bbadb0a92b7.checkpoint.json,chunked-7bbadb0a92b7,task-ead20ab3dbda,7,RW-0005,alcoa_plus_agent,qwen2.5:7b-instruct-q4_K_M,True,,False,ALCOA_CONTEMPORANEOUS=evidencia_insuficiente,N/A_no_truncado
checkpoints,checkpoints/chunked-7bbadb0a92b7.checkpoint.json,chunked-7bbadb0a92b7,task-de9c4096e011,8,RW-0005,alcoa_plus_agent,qwen2.5:7b-instruct-q4_K_M,True,,False,ALCOA_CONTEMPORANEOUS=evidencia_insuficiente,N/A_no_truncado
checkpoints,checkpoints/chunked-7bbadb0a92b7.checkpoint.json,chunked-7bbadb0a92b7,task-c2c696d4e09a,9,RW-0005,alcoa_plus_agent,qwen2.5:7b-instruct-q4_K_M,True,,False,ALCOA_CONTEMPORANEOUS=evidencia_insuficiente,N/A_no_truncado
checkpoints,checkpoints/chunked-7eb4086d32d4.checkpoint.json,chunked-7eb4086d32d4,task-aa09cc42b3b3,0,RW-0005,alcoa_plus_agent,qwen2.5:7b-instruct-q4_K_M,True,,False,UNPARSEABLE_RAW_RESPONSE,N/A_no_truncado
checkpoints,checkpoints/chunked-811b5b9b1561.checkpoint.json,chunked-811b5b9b1561,task-15f43b90f45d,0,RW-0011,alcoa_plus_agent,qwen2.5:7b-instruct-q4_K_M,True,,False,ALCOA_ATTRIBUTABLE=evidencia_insuficiente,N/A_no_truncado
checkpoints,checkpoints/chunked-811b5b9b1561.checkpoint.json,chunked-811b5b9b1561,task-d178d7cd708b,1,RW-0011,alcoa_plus_agent,qwen2.5:7b-instruct-q4_K_M,True,,False,ALCOA_ATTRIBUTABLE=evidencia_insuficiente,N/A_no_truncado
checkpoints,checkpoints/chunked-811b5b9b1561.checkpoint.json,chunked-811b5b9b1561,task-2ce985b381a6,2,RW-0011,alcoa_plus_agent,qwen2.5:7b-instruct-q4_K_M,True,,False,ALCOA_ATTRIBUTABLE=evidencia_insuficiente,N/A_no_truncado
checkpoints,checkpoints/chunked-811b5b9b1561.checkpoint.json,chunked-811b5b9b1561,task-0b40843bf820,3,RW-0011,alcoa_plus_agent,qwen2.5:7b-instruct-q4_K_M,True,,False,ALCOA_ATTRIBUTABLE=evidencia_insuficiente,N/A_no_truncado
checkpoints,checkpoints/chunked-811b5b9b1561.checkpoint.json,chunked-811b5b9b1561,task-a74b043d0022,4,RW-0011,alcoa_plus_agent,qwen2.5:7b-instruct-q4_K_M,True,,False,ALCOA_ATTRIBUTABLE=evidencia_insuficiente,N/A_no_truncado
checkpoints,checkpoints/chunked-819c85a05117.checkpoint.json,chunked-819c85a05117,task-6b400ebca89d,0,RW-0011,alcoa_plus_agent,qwen2.5:7b-instruct-q4_K_M,True,,False,ALCOA_ATTRIBUTABLE=evidencia_insuficiente,N/A_no_truncado
checkpoints,checkpoints/chunked-819c85a05117.checkpoint.json,chunked-819c85a05117,task-fff0ff85a484,1,RW-0011,alcoa_plus_agent,qwen2.5:7b-instruct-q4_K_M,True,,False,ALCOA_ATTRIBUTABLE=evidencia_insuficiente,N/A_no_truncado
checkpoints,checkpoints/chunked-819c85a05117.checkpoint.json,chunked-819c85a05117,task-8fb1b3cea538,2,RW-0011,alcoa_plus_agent,qwen2.5:7b-instruct-q4_K_M,True,,False,ALCOA_ATTRIBUTABLE=evidencia_insuficiente,N/A_no_truncado
checkpoints,checkpoints/chunked-819c85a05117.checkpoint.json,chunked-819c85a05117,task-39c06bdcdf4e,3,RW-0011,alcoa_plus_agent,qwen2.5:7b-instruct-q4_K_M,True,,False,ALCOA_ATTRIBUTABLE=evidencia_insuficiente,N/A_no_truncado
checkpoints,checkpoints/chunked-819c85a05117.checkpoint.json,chunked-819c85a05117,task-53fa3a40c313,4,RW-0011,alcoa_plus_agent,qwen2.5:7b-instruct-q4_K_M,True,,False,ALCOA_ATTRIBUTABLE=evidencia_insuficiente,N/A_no_truncado
checkpoints,checkpoints/chunked-853b1482c353.checkpoint.json,chunked-853b1482c353,task-48fd0e3a161b,0,RW-0005,fda_part11_agent,qwen2.5:7b-instruct-q4_K_M,True,,False,UNPARSEABLE_RAW_RESPONSE,N/A_no_truncado
checkpoints,checkpoints/chunked-8e2b20bfa511.checkpoint.json,chunked-8e2b20bfa511,task-54b0c785e882,0,RW-0011,alcoa_plus_agent,qwen2.5:7b-instruct-q4_K_M,True,,False,ALCOA_ATTRIBUTABLE=evidencia_insuficiente,N/A_no_truncado
checkpoints,checkpoints/chunked-933350a6d3a3.checkpoint.json,chunked-933350a6d3a3,task-8ad691aafb12,0,RW-0005,fda_part11_agent,qwen2.5:7b-instruct-q4_K_M,True,,False,21_CFR_11.10(e)=cumple_parcialmente,N/A_no_truncado
checkpoints,checkpoints/chunked-933350a6d3a3.checkpoint.json,chunked-933350a6d3a3,task-80c4a2656a0f,1,RW-0005,fda_part11_agent,qwen2.5:7b-instruct-q4_K_M,True,,False,21_CFR_11.10(e)=evidencia_insuficiente,N/A_no_truncado
checkpoints,checkpoints/chunked-933350a6d3a3.checkpoint.json,chunked-933350a6d3a3,task-19cab0794a1a,2,RW-0005,fda_part11_agent,qwen2.5:7b-instruct-q4_K_M,True,,False,21_CFR_11.10(e)=evidencia_insuficiente,N/A_no_truncado
checkpoints,checkpoints/chunked-933350a6d3a3.checkpoint.json,chunked-933350a6d3a3,task-a00ce7a448ef,3,RW-0005,fda_part11_agent,qwen2.5:7b-instruct-q4_K_M,True,,False,21_CFR_11.10(e)=evidencia_insuficiente,N/A_no_truncado
checkpoints,checkpoints/chunked-933350a6d3a3.checkpoint.json,chunked-933350a6d3a3,task-abb39fa39afa,4,RW-0005,fda_part11_agent,qwen2.5:7b-instruct-q4_K_M,True,,False,21_CFR_11.10(e)=evidencia_insuficiente,N/A_no_truncado
checkpoints,checkpoints/chunked-943a62bcbb85.checkpoint.json,chunked-943a62bcbb85,task-206f877bdaad,0,RW-0005,fda_part11_agent,qwen2.5:7b-instruct-q4_K_M,True,,False,UNPARSEABLE_RAW_RESPONSE,N/A_no_truncado
checkpoints,checkpoints/chunked-943a62bcbb85.checkpoint.json,chunked-943a62bcbb85,task-e9ee7bb9552b,1,RW-0005,fda_part11_agent,qwen2.5:7b-instruct-q4_K_M,True,,False,UNPARSEABLE_RAW_RESPONSE,N/A_no_truncado
checkpoints,checkpoints/chunked-943a62bcbb85.checkpoint.json,chunked-943a62bcbb85,task-31f89d6d5ad3,2,RW-0005,fda_part11_agent,qwen2.5:7b-instruct-q4_K_M,True,,False,UNPARSEABLE_RAW_RESPONSE,N/A_no_truncado
checkpoints,checkpoints/chunked-943a62bcbb85.checkpoint.json,chunked-943a62bcbb85,task-6aaa445972d7,3,RW-0005,fda_part11_agent,qwen2.5:7b-instruct-q4_K_M,True,,False,UNPARSEABLE_RAW_RESPONSE,N/A_no_truncado
checkpoints,checkpoints/chunked-943a62bcbb85.checkpoint.json,chunked-943a62bcbb85,task-52752f6d5a2e,4,RW-0005,fda_part11_agent,qwen2.5:7b-instruct-q4_K_M,True,,False,UNPARSEABLE_RAW_RESPONSE,N/A_no_truncado
checkpoints,checkpoints/chunked-943a62bcbb85.checkpoint.json,chunked-943a62bcbb85,task-3822eda6cf70,5,RW-0005,fda_part11_agent,qwen2.5:7b-instruct-q4_K_M,True,,False,UNPARSEABLE_RAW_RESPONSE,N/A_no_truncado
checkpoints,checkpoints/chunked-943a62bcbb85.checkpoint.json,chunked-943a62bcbb85,task-f61ea2287146,6,RW-0005,fda_part11_agent,qwen2.5:7b-instruct-q4_K_M,True,,False,UNPARSEABLE_RAW_RESPONSE,N/A_no_truncado
checkpoints,checkpoints/chunked-943a62bcbb85.checkpoint.json,chunked-943a62bcbb85,task-b0e46ac1e6a8,7,RW-0005,fda_part11_agent,qwen2.5:7b-instruct-q4_K_M,True,,False,UNPARSEABLE_RAW_RESPONSE,N/A_no_truncado
checkpoints,checkpoints/chunked-943a62bcbb85.checkpoint.json,chunked-943a62bcbb85,task-5293f1623866,8,RW-0005,fda_part11_agent,qwen2.5:7b-instruct-q4_K_M,True,,False,UNPARSEABLE_RAW_RESPONSE,N/A_no_truncado
checkpoints,checkpoints/chunked-943a62bcbb85.checkpoint.json,chunked-943a62bcbb85,task-74cedb552c56,9,RW-0005,fda_part11_agent,qwen2.5:7b-instruct-q4_K_M,True,,False,UNPARSEABLE_RAW_RESPONSE,N/A_no_truncado
checkpoints,checkpoints/chunked-943a62bcbb85.checkpoint.json,chunked-943a62bcbb85,task-db8e80b148e9,10,RW-0005,fda_part11_agent,qwen2.5:7b-instruct-q4_K_M,True,,False,UNPARSEABLE_RAW_RESPONSE,N/A_no_truncado
checkpoints,checkpoints/chunked-943a62bcbb85.checkpoint.json,chunked-943a62bcbb85,task-75f1d71a33a2,11,RW-0005,fda_part11_agent,qwen2.5:7b-instruct-q4_K_M,True,,False,UNPARSEABLE_RAW_RESPONSE,N/A_no_truncado
checkpoints,checkpoints/chunked-943a62bcbb85.checkpoint.json,chunked-943a62bcbb85,task-ca74e829b21c,12,RW-0005,fda_part11_agent,qwen2.5:7b-instruct-q4_K_M,True,,False,UNPARSEABLE_RAW_RESPONSE,N/A_no_truncado
checkpoints,checkpoints/chunked-943a62bcbb85.checkpoint.json,chunked-943a62bcbb85,task-6bf2d42382b3,13,RW-0005,fda_part11_agent,qwen2.5:7b-instruct-q4_K_M,True,,False,UNPARSEABLE_RAW_RESPONSE,N/A_no_truncado
checkpoints,checkpoints/chunked-943a62bcbb85.checkpoint.json,chunked-943a62bcbb85,task-87f710d05cf3,14,RW-0005,fda_part11_agent,qwen2.5:7b-instruct-q4_K_M,True,,False,UNPARSEABLE_RAW_RESPONSE,N/A_no_truncado
checkpoints,checkpoints/chunked-943a62bcbb85.checkpoint.json,chunked-943a62bcbb85,task-ebb63a04a2a0,15,RW-0005,fda_part11_agent,qwen2.5:7b-instruct-q4_K_M,True,,False,UNPARSEABLE_RAW_RESPONSE,N/A_no_truncado
checkpoints,checkpoints/chunked-943a62bcbb85.checkpoint.json,chunked-943a62bcbb85,task-443726902be0,16,RW-0005,fda_part11_agent,qwen2.5:7b-instruct-q4_K_M,True,,False,UNPARSEABLE_RAW_RESPONSE,N/A_no_truncado
checkpoints,checkpoints/chunked-943a62bcbb85.checkpoint.json,chunked-943a62bcbb85,task-456a8c1ae869,17,RW-0005,fda_part11_agent,qwen2.5:7b-instruct-q4_K_M,True,,False,UNPARSEABLE_RAW_RESPONSE,N/A_no_truncado
checkpoints,checkpoints/chunked-943a62bcbb85.checkpoint.json,chunked-943a62bcbb85,task-c8a68cfc61a7,18,RW-0005,fda_part11_agent,qwen2.5:7b-instruct-q4_K_M,True,,False,UNPARSEABLE_RAW_RESPONSE,N/A_no_truncado
checkpoints,checkpoints/chunked-943a62bcbb85.checkpoint.json,chunked-943a62bcbb85,task-5007a6743ceb,19,RW-0005,fda_part11_agent,qwen2.5:7b-instruct-q4_K_M,True,,False,UNPARSEABLE_RAW_RESPONSE,N/A_no_truncado
checkpoints,checkpoints/chunked-943a62bcbb85.checkpoint.json,chunked-943a62bcbb85,task-d214c5e3983f,20,RW-0005,fda_part11_agent,qwen2.5:7b-instruct-q4_K_M,True,,False,UNPARSEABLE_RAW_RESPONSE,N/A_no_truncado
checkpoints,checkpoints/chunked-943a62bcbb85.checkpoint.json,chunked-943a62bcbb85,task-3f695e540e4c,21,RW-0005,fda_part11_agent,qwen2.5:7b-instruct-q4_K_M,True,,False,UNPARSEABLE_RAW_RESPONSE,N/A_no_truncado
checkpoints,checkpoints/chunked-943a62bcbb85.checkpoint.json,chunked-943a62bcbb85,task-b7076d281c8b,22,RW-0005,fda_part11_agent,qwen2.5:7b-instruct-q4_K_M,True,,False,UNPARSEABLE_RAW_RESPONSE,N/A_no_truncado
checkpoints,checkpoints/chunked-943a62bcbb85.checkpoint.json,chunked-943a62bcbb85,task-9adce79fb72f,23,RW-0005,fda_part11_agent,qwen2.5:7b-instruct-q4_K_M,True,,False,UNPARSEABLE_RAW_RESPONSE,N/A_no_truncado
checkpoints,checkpoints/chunked-943a62bcbb85.checkpoint.json,chunked-943a62bcbb85,task-fc9c7f1a9180,24,RW-0005,fda_part11_agent,qwen2.5:7b-instruct-q4_K_M,True,,False,UNPARSEABLE_RAW_RESPONSE,N/A_no_truncado
checkpoints,checkpoints/chunked-943a62bcbb85.checkpoint.json,chunked-943a62bcbb85,task-f10bd15f747a,25,RW-0005,fda_part11_agent,qwen2.5:7b-instruct-q4_K_M,True,,False,UNPARSEABLE_RAW_RESPONSE,N/A_no_truncado
checkpoints,checkpoints/chunked-943a62bcbb85.checkpoint.json,chunked-943a62bcbb85,task-20f719619611,26,RW-0005,fda_part11_agent,qwen2.5:7b-instruct-q4_K_M,True,,False,UNPARSEABLE_RAW_RESPONSE,N/A_no_truncado
checkpoints,checkpoints/chunked-943a62bcbb85.checkpoint.json,chunked-943a62bcbb85,task-1112c4d2671c,27,RW-0005,fda_part11_agent,qwen2.5:7b-instruct-q4_K_M,True,,False,UNPARSEABLE_RAW_RESPONSE,N/A_no_truncado
checkpoints,checkpoints/chunked-943a62bcbb85.checkpoint.json,chunked-943a62bcbb85,task-2809ed73a88a,28,RW-0005,fda_part11_agent,qwen2.5:7b-instruct-q4_K_M,True,,False,UNPARSEABLE_RAW_RESPONSE,N/A_no_truncado
checkpoints,checkpoints/chunked-965e5cf6ee5d.checkpoint.json,chunked-965e5cf6ee5d,task-b737fdf292e3,0,RW-0005,fda_part11_agent,qwen2.5:7b-instruct-q4_K_M,True,,False,21_CFR_11.10(e)=cumple_parcialmente,N/A_no_truncado
checkpoints,checkpoints/chunked-965e5cf6ee5d.checkpoint.json,chunked-965e5cf6ee5d,task-71f9a6aee95d,1,RW-0005,fda_part11_agent,qwen2.5:7b-instruct-q4_K_M,True,,False,21_CFR_11.10(e)=evidencia_insuficiente,N/A_no_truncado
checkpoints,checkpoints/chunked-965e5cf6ee5d.checkpoint.json,chunked-965e5cf6ee5d,task-b2a57eb01661,2,RW-0005,fda_part11_agent,qwen2.5:7b-instruct-q4_K_M,True,,False,21_CFR_11.10(e)=evidencia_insuficiente,N/A_no_truncado
checkpoints,checkpoints/chunked-965e5cf6ee5d.checkpoint.json,chunked-965e5cf6ee5d,task-bff70a2ace16,3,RW-0005,fda_part11_agent,qwen2.5:7b-instruct-q4_K_M,True,,False,21_CFR_11.10(e)=evidencia_insuficiente,N/A_no_truncado
checkpoints,checkpoints/chunked-965e5cf6ee5d.checkpoint.json,chunked-965e5cf6ee5d,task-3695490c899f,4,RW-0005,fda_part11_agent,qwen2.5:7b-instruct-q4_K_M,True,,False,21_CFR_11.10(e)=evidencia_insuficiente,N/A_no_truncado
checkpoints,checkpoints/chunked-b15b14db5163.checkpoint.json,chunked-b15b14db5163,task-18ab3f70feeb,0,RW-0005,alcoa_plus_agent,qwen2.5:7b-instruct-q4_K_M,True,,False,ALCOA_CONTEMPORANEOUS=evidencia_insuficiente,N/A_no_truncado
checkpoints,checkpoints/chunked-b15b14db5163.checkpoint.json,chunked-b15b14db5163,task-073a2ed80fc3,1,RW-0005,alcoa_plus_agent,qwen2.5:7b-instruct-q4_K_M,True,,False,ALCOA_CONTEMPORANEOUS=evidencia_insuficiente,N/A_no_truncado
checkpoints,checkpoints/chunked-b15b14db5163.checkpoint.json,chunked-b15b14db5163,task-d9f8de252185,2,RW-0005,alcoa_plus_agent,qwen2.5:7b-instruct-q4_K_M,True,,False,ALCOA_CONTEMPORANEOUS=evidencia_insuficiente,N/A_no_truncado
checkpoints,checkpoints/chunked-b15b14db5163.checkpoint.json,chunked-b15b14db5163,task-332ffd21f9e7,3,RW-0005,alcoa_plus_agent,qwen2.5:7b-instruct-q4_K_M,True,,False,ALCOA_CONTEMPORANEOUS=evidencia_insuficiente,N/A_no_truncado
checkpoints,checkpoints/chunked-b15b14db5163.checkpoint.json,chunked-b15b14db5163,task-6712e1b61a2f,4,RW-0005,alcoa_plus_agent,qwen2.5:7b-instruct-q4_K_M,True,,False,ALCOA_CONTEMPORANEOUS=evidencia_insuficiente,N/A_no_truncado
checkpoints,checkpoints/chunked-bf30eaa353aa.checkpoint.json,chunked-bf30eaa353aa,task-9779a07a9dd8,0,RW-0005,eu_annex11_agent,qwen2.5:7b-instruct-q4_K_M,True,,False,UNPARSEABLE_RAW_RESPONSE,N/A_no_truncado
checkpoints,checkpoints/chunked-c236cc9d107c.checkpoint.json,chunked-c236cc9d107c,task-363ffd0ced20,0,RW-0005,eu_annex11_agent,qwen2.5:7b-instruct-q4_K_M,True,,False,UNPARSEABLE_RAW_RESPONSE,N/A_no_truncado
checkpoints,checkpoints/chunked-c2c7dff6900c.checkpoint.json,chunked-c2c7dff6900c,task-d1f25102ab6c,0,RW-0005,fda_part11_agent,qwen2.5:7b-instruct-q4_K_M,True,,False,21_CFR_11.10(e)=cumple_parcialmente,N/A_no_truncado
checkpoints,checkpoints/chunked-c2c7dff6900c.checkpoint.json,chunked-c2c7dff6900c,task-044b2e2835a5,1,RW-0005,fda_part11_agent,qwen2.5:7b-instruct-q4_K_M,True,,False,21_CFR_11.10(e)=evidencia_insuficiente,N/A_no_truncado
checkpoints,checkpoints/chunked-c353d90f9e9c.checkpoint.json,chunked-c353d90f9e9c,task-749991bb93d2,0,RW-0005,fda_part11_agent,qwen2.5:7b-instruct-q4_K_M,True,,False,21_CFR_11.10(g)=evidencia_insuficiente,N/A_no_truncado
checkpoints,checkpoints/chunked-c353d90f9e9c.checkpoint.json,chunked-c353d90f9e9c,task-15a81d637523,1,RW-0005,fda_part11_agent,qwen2.5:7b-instruct-q4_K_M,True,,False,21_CFR_11.10(g)=evidencia_insuficiente,N/A_no_truncado
checkpoints,checkpoints/chunked-c353d90f9e9c.checkpoint.json,chunked-c353d90f9e9c,task-b013a9ad456e,2,RW-0005,fda_part11_agent,qwen2.5:7b-instruct-q4_K_M,True,,False,21_CFR_11.10(g)=evidencia_insuficiente,N/A_no_truncado
checkpoints,checkpoints/chunked-c353d90f9e9c.checkpoint.json,chunked-c353d90f9e9c,task-6425e2b69dbc,3,RW-0005,fda_part11_agent,qwen2.5:7b-instruct-q4_K_M,True,,False,21_CFR_11.10(g)=evidencia_insuficiente,N/A_no_truncado
checkpoints,checkpoints/chunked-c353d90f9e9c.checkpoint.json,chunked-c353d90f9e9c,task-eef042219b6f,4,RW-0005,fda_part11_agent,qwen2.5:7b-instruct-q4_K_M,True,,False,21_CFR_11.10(g)=evidencia_insuficiente,N/A_no_truncado
checkpoints,checkpoints/chunked-c353d90f9e9c.checkpoint.json,chunked-c353d90f9e9c,task-e083713d3d91,5,RW-0005,fda_part11_agent,qwen2.5:7b-instruct-q4_K_M,True,,False,21_CFR_11.10(g)=evidencia_insuficiente,N/A_no_truncado
checkpoints,checkpoints/chunked-c353d90f9e9c.checkpoint.json,chunked-c353d90f9e9c,task-4e4b715a7b34,6,RW-0005,fda_part11_agent,qwen2.5:7b-instruct-q4_K_M,True,,False,21_CFR_11.10(g)=cumple_parcialmente,N/A_no_truncado
checkpoints,checkpoints/chunked-c353d90f9e9c.checkpoint.json,chunked-c353d90f9e9c,task-b2e9d0c01370,7,RW-0005,fda_part11_agent,qwen2.5:7b-instruct-q4_K_M,True,,False,21_CFR_11.10(g)=evidencia_insuficiente,N/A_no_truncado
checkpoints,checkpoints/chunked-c353d90f9e9c.checkpoint.json,chunked-c353d90f9e9c,task-2fc7602369d0,8,RW-0005,fda_part11_agent,qwen2.5:7b-instruct-q4_K_M,True,,False,21_CFR_11.10(g)=evidencia_insuficiente,N/A_no_truncado
checkpoints,checkpoints/chunked-c353d90f9e9c.checkpoint.json,chunked-c353d90f9e9c,task-99054da3755c,9,RW-0005,fda_part11_agent,qwen2.5:7b-instruct-q4_K_M,True,,False,21_CFR_11.10(g)=evidencia_insuficiente,N/A_no_truncado
checkpoints,checkpoints/chunked-d9b5bc77c9db.checkpoint.json,chunked-d9b5bc77c9db,task-5c21e6b966a9,0,RW-0005,fda_part11_agent,qwen2.5:7b-instruct-q4_K_M,True,,False,21_CFR_11.10(e)=evidencia_insuficiente,N/A_no_truncado
checkpoints,checkpoints/chunked-e6994ea8e953.checkpoint.json,chunked-e6994ea8e953,task-386129065dd8,0,RW-0005,fda_part11_agent,qwen2.5:7b-instruct-q4_K_M,True,,False,21_CFR_11.10(e)=evidencia_insuficiente,N/A_no_truncado
checkpoints,checkpoints/chunked-e8208618982a.checkpoint.json,chunked-e8208618982a,task-dc8440c37e6c,0,RW-0005,fda_part11_agent,qwen2.5:7b-instruct-q4_K_M,True,,False,21_CFR_11.10(e)=cumple_parcialmente,N/A_no_truncado
checkpoints,checkpoints/chunked-ef5561fc70d7.checkpoint.json,chunked-ef5561fc70d7,task-39c784c4cc31,0,RW-0011,fda_cgmp_211_agent,qwen2.5:7b-instruct-q4_K_M,True,,False,21_CFR_211.68(b)=evidencia_insuficiente,N/A_no_truncado
checkpoints,checkpoints/chunked-ef5561fc70d7.checkpoint.json,chunked-ef5561fc70d7,task-ec2480ee98f5,1,RW-0011,fda_cgmp_211_agent,qwen2.5:7b-instruct-q4_K_M,True,,False,21_CFR_211.68(b)=evidencia_insuficiente,N/A_no_truncado
checkpoints,checkpoints/chunked-ef5561fc70d7.checkpoint.json,chunked-ef5561fc70d7,task-ae01afc229ac,2,RW-0011,fda_cgmp_211_agent,qwen2.5:7b-instruct-q4_K_M,True,,False,21_CFR_211.68(b)=evidencia_insuficiente,N/A_no_truncado
checkpoints,checkpoints/chunked-ef5561fc70d7.checkpoint.json,chunked-ef5561fc70d7,task-8c90c0814047,3,RW-0011,fda_cgmp_211_agent,qwen2.5:7b-instruct-q4_K_M,True,,False,21_CFR_211.68(b)=evidencia_insuficiente,N/A_no_truncado
checkpoints,checkpoints/chunked-ef5561fc70d7.checkpoint.json,chunked-ef5561fc70d7,task-fccd5d5ad416,4,RW-0011,fda_cgmp_211_agent,qwen2.5:7b-instruct-q4_K_M,True,,False,21_CFR_211.68(b)=evidencia_insuficiente,N/A_no_truncado
checkpoints,checkpoints/chunked-f12d568bba01.checkpoint.json,chunked-f12d568bba01,task-02a3818e7658,0,RW-0011,alcoa_plus_agent,qwen2.5:7b-instruct-q4_K_M,True,,False,UNPARSEABLE_RAW_RESPONSE,N/A_no_truncado
checkpoints,checkpoints/chunked-f3c5418596b9.checkpoint.json,chunked-f3c5418596b9,task-59935053cf5b,0,RW-0012,fda_cgmp_211_agent,qwen2.5:7b-instruct-q4_K_M,True,,False,21_CFR_211.68(b)=evidencia_insuficiente,N/A_no_truncado
checkpoints,checkpoints/chunked-f3c5418596b9.checkpoint.json,chunked-f3c5418596b9,task-f2adc963d029,1,RW-0012,fda_cgmp_211_agent,qwen2.5:7b-instruct-q4_K_M,True,,False,21_CFR_211.68(b)=evidencia_insuficiente,N/A_no_truncado
checkpoints,checkpoints/chunked-f3c5418596b9.checkpoint.json,chunked-f3c5418596b9,task-382c77551d90,2,RW-0012,fda_cgmp_211_agent,qwen2.5:7b-instruct-q4_K_M,True,,False,21_CFR_211.68(b)=evidencia_insuficiente,N/A_no_truncado
checkpoints,checkpoints/chunked-f3c5418596b9.checkpoint.json,chunked-f3c5418596b9,task-9334d4827d05,3,RW-0012,fda_cgmp_211_agent,qwen2.5:7b-instruct-q4_K_M,True,,False,21_CFR_211.68(b)=evidencia_insuficiente,N/A_no_truncado
checkpoints,checkpoints/chunked-f3c5418596b9.checkpoint.json,chunked-f3c5418596b9,task-7a74d263fd8c,4,RW-0012,fda_cgmp_211_agent,qwen2.5:7b-instruct-q4_K_M,True,,False,21_CFR_211.68(b)=evidencia_insuficiente,N/A_no_truncado
checkpoints,checkpoints/chunked-f47c70f73118.checkpoint.json,chunked-f47c70f73118,task-b93e119ca844,0,RW-0005,fda_part11_agent,qwen2.5:7b-instruct-q4_K_M,True,,False,21_CFR_11.10(g)=evidencia_insuficiente,N/A_no_truncado
checkpoints,checkpoints/chunked-f47c70f73118.checkpoint.json,chunked-f47c70f73118,task-7315fec74263,1,RW-0005,fda_part11_agent,qwen2.5:7b-instruct-q4_K_M,True,,False,21_CFR_11.10(g)=evidencia_insuficiente,N/A_no_truncado
checkpoints,checkpoints/chunked-f47c70f73118.checkpoint.json,chunked-f47c70f73118,task-b4fbe1ab9eec,2,RW-0005,fda_part11_agent,qwen2.5:7b-instruct-q4_K_M,True,,False,21_CFR_11.10(g)=evidencia_insuficiente,N/A_no_truncado
checkpoints,checkpoints/chunked-f47c70f73118.checkpoint.json,chunked-f47c70f73118,task-c7487d4fa3c0,3,RW-0005,fda_part11_agent,qwen2.5:7b-instruct-q4_K_M,True,,False,21_CFR_11.10(g)=evidencia_insuficiente,N/A_no_truncado
checkpoints,checkpoints/chunked-f47c70f73118.checkpoint.json,chunked-f47c70f73118,task-8fc56776bf6f,4,RW-0005,fda_part11_agent,qwen2.5:7b-instruct-q4_K_M,True,,False,21_CFR_11.10(g)=evidencia_insuficiente,N/A_no_truncado
checkpoints,checkpoints/chunked-f47c70f73118.checkpoint.json,chunked-f47c70f73118,task-adc5a2be6281,5,RW-0005,fda_part11_agent,qwen2.5:7b-instruct-q4_K_M,True,,False,21_CFR_11.10(g)=evidencia_insuficiente,N/A_no_truncado
checkpoints,checkpoints/chunked-f47c70f73118.checkpoint.json,chunked-f47c70f73118,task-05b9d5c1d69a,6,RW-0005,fda_part11_agent,qwen2.5:7b-instruct-q4_K_M,True,,False,21_CFR_11.10(g)=cumple_parcialmente,N/A_no_truncado
checkpoints,checkpoints/chunked-f47c70f73118.checkpoint.json,chunked-f47c70f73118,task-b5b41ef31546,7,RW-0005,fda_part11_agent,qwen2.5:7b-instruct-q4_K_M,True,,False,21_CFR_11.10(g)=evidencia_insuficiente,N/A_no_truncado
checkpoints,checkpoints/chunked-f47c70f73118.checkpoint.json,chunked-f47c70f73118,task-b8b50f83ebfc,8,RW-0005,fda_part11_agent,qwen2.5:7b-instruct-q4_K_M,True,,False,21_CFR_11.10(g)=evidencia_insuficiente,N/A_no_truncado
checkpoints,checkpoints/chunked-f47c70f73118.checkpoint.json,chunked-f47c70f73118,task-a74e0216937c,9,RW-0005,fda_part11_agent,qwen2.5:7b-instruct-q4_K_M,True,,False,21_CFR_11.10(g)=evidencia_insuficiente,N/A_no_truncado
checkpoints,checkpoints/chunked-ff6bd88a4987.checkpoint.json,chunked-ff6bd88a4987,task-ccb7ccec9223,0,RW-0005,fda_part11_agent,qwen2.5:7b-instruct-q4_K_M,True,,False,21_CFR_11.10(e)=cumple_parcialmente,N/A_no_truncado
checkpoints,checkpoints/chunked-ff6bd88a4987.checkpoint.json,chunked-ff6bd88a4987,task-fdc2de81643f,1,RW-0005,fda_part11_agent,qwen2.5:7b-instruct-q4_K_M,True,,False,21_CFR_11.10(e)=evidencia_insuficiente,N/A_no_truncado
checkpoints,checkpoints/chunked-ff6bd88a4987.checkpoint.json,chunked-ff6bd88a4987,task-0b8f11aefea4,2,RW-0005,fda_part11_agent,qwen2.5:7b-instruct-q4_K_M,True,,False,21_CFR_11.10(e)=evidencia_insuficiente,N/A_no_truncado
checkpoints,checkpoints/chunked-ff6bd88a4987.checkpoint.json,chunked-ff6bd88a4987,task-04908b54ca09,3,RW-0005,fda_part11_agent,qwen2.5:7b-instruct-q4_K_M,True,,False,21_CFR_11.10(e)=evidencia_insuficiente,N/A_no_truncado
checkpoints,checkpoints/chunked-ff6bd88a4987.checkpoint.json,chunked-ff6bd88a4987,task-ade553fca764,4,RW-0005,fda_part11_agent,qwen2.5:7b-instruct-q4_K_M,True,,False,21_CFR_11.10(e)=evidencia_insuficiente,N/A_no_truncado
palanca_a_14b_7p2n_20260815,palanca_a_14b_7p2n_20260815/checkpoints/chunked-30f0d9613e74.checkpoint.json,chunked-30f0d9613e74,task-26f6c0f5fea3,0,RW-0005,eu_annex11_agent,qwen2.5:14b-instruct-q4_K_M,True,,False,ANNEX11_4=evidencia_insuficiente,N/A_no_truncado
palanca_a_14b_7p2n_20260815,palanca_a_14b_7p2n_20260815/checkpoints/chunked-4289e754ed28.checkpoint.json,chunked-4289e754ed28,task-146d947d44f7,0,RW-0005,fda_part11_agent,qwen2.5:14b-instruct-q4_K_M,True,,False,21_CFR_11.10(e)=cumple_parcialmente,N/A_no_truncado
palanca_a_14b_7p2n_20260815,palanca_a_14b_7p2n_20260815/checkpoints/chunked-6faaf9b56ed1.checkpoint.json,chunked-6faaf9b56ed1,task-c8527cec5b4e,0,RW-0005,alcoa_plus_agent,qwen2.5:14b-instruct-q4_K_M,True,,False,ALCOA_CONTEMPORANEOUS=cumple_parcialmente,N/A_no_truncado
palanca_a_14b_7p2n_20260815,palanca_a_14b_7p2n_20260815/checkpoints/chunked-91f4efaf59e6.checkpoint.json,chunked-91f4efaf59e6,task-32752e3d594b,0,RW-0012,fda_cgmp_211_agent,qwen2.5:14b-instruct-q4_K_M,True,,False,21_CFR_211.68(b)=evidencia_insuficiente,N/A_no_truncado
palanca_a_14b_7p2n_20260815,palanca_a_14b_7p2n_20260815/checkpoints/chunked-a40d6c4c0065.checkpoint.json,chunked-a40d6c4c0065,task-e163feceed4f,0,RW-0005,eu_annex11_agent,qwen2.5:14b-instruct-q4_K_M,True,,False,ANNEX11_17=cumple_parcialmente,N/A_no_truncado
palanca_a_14b_7p2n_20260815,palanca_a_14b_7p2n_20260815/checkpoints/chunked-d5f924b41932.checkpoint.json,chunked-d5f924b41932,task-1b7a3a25f52c,0,RW-0005,fda_part11_agent,qwen2.5:14b-instruct-q4_K_M,True,,False,21_CFR_11.10(g)=cumple_parcialmente,N/A_no_truncado
palanca_a_14b_7p2n_20260815,palanca_a_14b_7p2n_20260815/checkpoints/chunked-f5491290b1c5.checkpoint.json,chunked-f5491290b1c5,task-931600356235,0,RW-0011,alcoa_plus_agent,qwen2.5:14b-instruct-q4_K_M,True,,False,ALCOA_ATTRIBUTABLE=evidencia_insuficiente,N/A_no_truncado
palanca_a_14b_7p2n_20260815,palanca_a_14b_7p2n_20260815/checkpoints/chunked-f7d601b512f3.checkpoint.json,chunked-f7d601b512f3,task-4635cb1373b1,0,RW-0005,fda_part11_agent,qwen2.5:14b-instruct-q4_K_M,True,,False,21_CFR_11.10(e)=evidencia_insuficiente,N/A_no_truncado
palanca_a_14b_7p2n_20260815,palanca_a_14b_7p2n_20260815/checkpoints/chunked-f93c11afd5cc.checkpoint.json,chunked-f93c11afd5cc,task-c6e4507f92b9,0,RW-0011,fda_cgmp_211_agent,qwen2.5:14b-instruct-q4_K_M,True,,False,21_CFR_211.68(b)=evidencia_insuficiente,N/A_no_truncado
tier1_dry_run_20260812,tier1_dry_run_20260812/checkpoints/chunked-501e613b6c32.checkpoint.json,chunked-501e613b6c32,task-8319f4caa97b,0,RW-0005,fda_part11_agent,qwen2.5:7b-instruct-q4_K_M,False,provider_call_failed,False,,N/A_fallo_no_truncamiento
tier1_dry_run_20260812,tier1_dry_run_20260812/checkpoints/chunked-501e613b6c32.checkpoint.json,chunked-501e613b6c32,task-b7346c4c0ac4,1,RW-0005,fda_part11_agent,qwen2.5:7b-instruct-q4_K_M,False,provider_call_failed,False,,N/A_fallo_no_truncamiento
tier1_dry_run_20260812,tier1_dry_run_20260812/checkpoints/chunked-501e613b6c32.checkpoint.json,chunked-501e613b6c32,task-384c6495b7f9,2,RW-0005,fda_part11_agent,qwen2.5:7b-instruct-q4_K_M,False,provider_call_failed,False,,N/A_fallo_no_truncamiento
tier1_dry_run_20260812,tier1_dry_run_20260812/checkpoints/chunked-501e613b6c32.checkpoint.json,chunked-501e613b6c32,task-b3ed27d232bd,3,RW-0005,fda_part11_agent,qwen2.5:7b-instruct-q4_K_M,False,provider_call_failed,False,,N/A_fallo_no_truncamiento
tier1_dry_run_20260812,tier1_dry_run_20260812/checkpoints/chunked-501e613b6c32.checkpoint.json,chunked-501e613b6c32,task-124b3ff72237,4,RW-0005,fda_part11_agent,qwen2.5:7b-instruct-q4_K_M,False,provider_call_failed,False,,N/A_fallo_no_truncamiento
tier1_dry_run_20260812,tier1_dry_run_20260812/checkpoints/chunked-501e613b6c32.checkpoint.json,chunked-501e613b6c32,task-3a8f3eae1cf3,5,RW-0005,fda_part11_agent,qwen2.5:7b-instruct-q4_K_M,False,provider_call_failed,False,,N/A_fallo_no_truncamiento
tier1_dry_run_20260812,tier1_dry_run_20260812/checkpoints/chunked-501e613b6c32.checkpoint.json,chunked-501e613b6c32,task-cdf9208a27c0,6,RW-0005,fda_part11_agent,qwen2.5:7b-instruct-q4_K_M,False,provider_call_failed,False,,N/A_fallo_no_truncamiento
tier1_dry_run_20260812,tier1_dry_run_20260812/checkpoints/chunked-501e613b6c32.checkpoint.json,chunked-501e613b6c32,task-366bc305284f,7,RW-0005,fda_part11_agent,qwen2.5:7b-instruct-q4_K_M,False,provider_call_failed,False,,N/A_fallo_no_truncamiento
tier1_dry_run_20260812,tier1_dry_run_20260812/checkpoints/chunked-501e613b6c32.checkpoint.json,chunked-501e613b6c32,task-44f80e412fcb,8,RW-0005,fda_part11_agent,qwen2.5:7b-instruct-q4_K_M,False,provider_call_failed,False,,N/A_fallo_no_truncamiento
tier1_dry_run_20260812,tier1_dry_run_20260812/checkpoints/chunked-501e613b6c32.checkpoint.json,chunked-501e613b6c32,task-84e9cc91091d,9,RW-0005,fda_part11_agent,qwen2.5:7b-instruct-q4_K_M,False,provider_call_failed,False,,N/A_fallo_no_truncamiento
tier1_dry_run_20260812,tier1_dry_run_20260812/checkpoints/chunked-501e613b6c32.checkpoint.json,chunked-501e613b6c32,task-c1d9db243a81,10,RW-0005,fda_part11_agent,qwen2.5:7b-instruct-q4_K_M,False,provider_call_failed,False,,N/A_fallo_no_truncamiento
tier1_dry_run_20260812,tier1_dry_run_20260812/checkpoints/chunked-501e613b6c32.checkpoint.json,chunked-501e613b6c32,task-e4c290e2d6fb,11,RW-0005,fda_part11_agent,qwen2.5:7b-instruct-q4_K_M,False,provider_call_failed,False,,N/A_fallo_no_truncamiento
tier1_dry_run_20260812,tier1_dry_run_20260812/checkpoints/chunked-501e613b6c32.checkpoint.json,chunked-501e613b6c32,task-303fd08c4b15,12,RW-0005,fda_part11_agent,qwen2.5:7b-instruct-q4_K_M,False,provider_call_failed,False,,N/A_fallo_no_truncamiento
tier1_dry_run_20260812,tier1_dry_run_20260812/checkpoints/chunked-501e613b6c32.checkpoint.json,chunked-501e613b6c32,task-d5bba62af540,13,RW-0005,fda_part11_agent,qwen2.5:7b-instruct-q4_K_M,False,provider_call_failed,False,,N/A_fallo_no_truncamiento
tier1_dry_run_20260812,tier1_dry_run_20260812/checkpoints/chunked-501e613b6c32.checkpoint.json,chunked-501e613b6c32,task-e91b6c893215,14,RW-0005,fda_part11_agent,qwen2.5:7b-instruct-q4_K_M,False,provider_call_failed,False,,N/A_fallo_no_truncamiento
tier1_dry_run_20260812,tier1_dry_run_20260812/checkpoints/chunked-501e613b6c32.checkpoint.json,chunked-501e613b6c32,task-ad4ff15034dc,15,RW-0005,fda_part11_agent,qwen2.5:7b-instruct-q4_K_M,False,provider_call_failed,False,,N/A_fallo_no_truncamiento
tier1_dry_run_20260812,tier1_dry_run_20260812/checkpoints/chunked-501e613b6c32.checkpoint.json,chunked-501e613b6c32,task-c8bf7c6b0c64,16,RW-0005,fda_part11_agent,qwen2.5:7b-instruct-q4_K_M,False,provider_call_failed,False,,N/A_fallo_no_truncamiento
tier1_dry_run_20260812,tier1_dry_run_20260812/checkpoints/chunked-501e613b6c32.checkpoint.json,chunked-501e613b6c32,task-edc9ba3bd648,17,RW-0005,fda_part11_agent,qwen2.5:7b-instruct-q4_K_M,False,provider_call_failed,False,,N/A_fallo_no_truncamiento
tier1_dry_run_20260812,tier1_dry_run_20260812/checkpoints/chunked-501e613b6c32.checkpoint.json,chunked-501e613b6c32,task-fb0341e832fc,18,RW-0005,fda_part11_agent,qwen2.5:7b-instruct-q4_K_M,False,provider_call_failed,False,,N/A_fallo_no_truncamiento
tier1_dry_run_20260812,tier1_dry_run_20260812/checkpoints/chunked-501e613b6c32.checkpoint.json,chunked-501e613b6c32,task-a794305a35c9,19,RW-0005,fda_part11_agent,qwen2.5:7b-instruct-q4_K_M,False,provider_call_failed,False,,N/A_fallo_no_truncamiento
tier1_dry_run_20260812,tier1_dry_run_20260812/checkpoints/chunked-501e613b6c32.checkpoint.json,chunked-501e613b6c32,task-254b2fcb2cb2,20,RW-0005,fda_part11_agent,qwen2.5:7b-instruct-q4_K_M,False,provider_call_failed,False,,N/A_fallo_no_truncamiento
tier1_dry_run_20260812,tier1_dry_run_20260812/checkpoints/chunked-501e613b6c32.checkpoint.json,chunked-501e613b6c32,task-80049dfafd0d,21,RW-0005,fda_part11_agent,qwen2.5:7b-instruct-q4_K_M,False,provider_call_failed,False,,N/A_fallo_no_truncamiento
tier1_dry_run_20260812,tier1_dry_run_20260812/checkpoints/chunked-501e613b6c32.checkpoint.json,chunked-501e613b6c32,task-0d432fa6978b,22,RW-0005,fda_part11_agent,qwen2.5:7b-instruct-q4_K_M,False,provider_call_failed,False,,N/A_fallo_no_truncamiento
tier1_dry_run_20260812,tier1_dry_run_20260812/checkpoints/chunked-501e613b6c32.checkpoint.json,chunked-501e613b6c32,task-d4a61bb64e2b,23,RW-0005,fda_part11_agent,qwen2.5:7b-instruct-q4_K_M,False,provider_call_failed,False,,N/A_fallo_no_truncamiento
tier1_dry_run_20260812,tier1_dry_run_20260812/checkpoints/chunked-501e613b6c32.checkpoint.json,chunked-501e613b6c32,task-f1bdfb1d0f53,24,RW-0005,fda_part11_agent,qwen2.5:7b-instruct-q4_K_M,False,provider_call_failed,False,,N/A_fallo_no_truncamiento
tier1_dry_run_20260812,tier1_dry_run_20260812/checkpoints/chunked-501e613b6c32.checkpoint.json,chunked-501e613b6c32,task-f449392b32f0,25,RW-0005,fda_part11_agent,qwen2.5:7b-instruct-q4_K_M,False,provider_call_failed,False,,N/A_fallo_no_truncamiento
tier1_dry_run_20260812,tier1_dry_run_20260812/checkpoints/chunked-501e613b6c32.checkpoint.json,chunked-501e613b6c32,task-02939f65d08d,26,RW-0005,fda_part11_agent,qwen2.5:7b-instruct-q4_K_M,False,provider_call_failed,False,,N/A_fallo_no_truncamiento
tier1_dry_run_20260812,tier1_dry_run_20260812/checkpoints/chunked-501e613b6c32.checkpoint.json,chunked-501e613b6c32,task-ef2be4fafced,27,RW-0005,fda_part11_agent,qwen2.5:7b-instruct-q4_K_M,False,provider_call_failed,False,,N/A_fallo_no_truncamiento
tier1_dry_run_20260812,tier1_dry_run_20260812/checkpoints/chunked-501e613b6c32.checkpoint.json,chunked-501e613b6c32,task-4f9b7adcd130,28,RW-0005,fda_part11_agent,qwen2.5:7b-instruct-q4_K_M,False,provider_call_failed,False,,N/A_fallo_no_truncamiento
tier1_dry_run_20260812,tier1_dry_run_20260812/checkpoints/chunked-943a62bcbb85.checkpoint.json,chunked-943a62bcbb85,task-206f877bdaad,0,RW-0005,fda_part11_agent,qwen2.5:7b-instruct-q4_K_M,True,,False,UNPARSEABLE_RAW_RESPONSE,N/A_no_truncado
tier1_dry_run_20260812,tier1_dry_run_20260812/checkpoints/chunked-943a62bcbb85.checkpoint.json,chunked-943a62bcbb85,task-e9ee7bb9552b,1,RW-0005,fda_part11_agent,qwen2.5:7b-instruct-q4_K_M,True,,False,UNPARSEABLE_RAW_RESPONSE,N/A_no_truncado
tier1_dry_run_20260812,tier1_dry_run_20260812/checkpoints/chunked-943a62bcbb85.checkpoint.json,chunked-943a62bcbb85,task-31f89d6d5ad3,2,RW-0005,fda_part11_agent,qwen2.5:7b-instruct-q4_K_M,True,,False,UNPARSEABLE_RAW_RESPONSE,N/A_no_truncado
tier1_dry_run_20260812,tier1_dry_run_20260812/checkpoints/chunked-943a62bcbb85.checkpoint.json,chunked-943a62bcbb85,task-6aaa445972d7,3,RW-0005,fda_part11_agent,qwen2.5:7b-instruct-q4_K_M,True,,False,UNPARSEABLE_RAW_RESPONSE,N/A_no_truncado
tier1_dry_run_20260812,tier1_dry_run_20260812/checkpoints/chunked-943a62bcbb85.checkpoint.json,chunked-943a62bcbb85,task-52752f6d5a2e,4,RW-0005,fda_part11_agent,qwen2.5:7b-instruct-q4_K_M,True,,False,UNPARSEABLE_RAW_RESPONSE,N/A_no_truncado
tier1_dry_run_20260812,tier1_dry_run_20260812/checkpoints/chunked-943a62bcbb85.checkpoint.json,chunked-943a62bcbb85,task-3822eda6cf70,5,RW-0005,fda_part11_agent,qwen2.5:7b-instruct-q4_K_M,True,,False,UNPARSEABLE_RAW_RESPONSE,N/A_no_truncado
tier1_dry_run_20260812,tier1_dry_run_20260812/checkpoints/chunked-943a62bcbb85.checkpoint.json,chunked-943a62bcbb85,task-f61ea2287146,6,RW-0005,fda_part11_agent,qwen2.5:7b-instruct-q4_K_M,True,,False,UNPARSEABLE_RAW_RESPONSE,N/A_no_truncado
tier1_dry_run_20260812,tier1_dry_run_20260812/checkpoints/chunked-943a62bcbb85.checkpoint.json,chunked-943a62bcbb85,task-b0e46ac1e6a8,7,RW-0005,fda_part11_agent,qwen2.5:7b-instruct-q4_K_M,True,,False,UNPARSEABLE_RAW_RESPONSE,N/A_no_truncado
tier1_dry_run_20260812,tier1_dry_run_20260812/checkpoints/chunked-943a62bcbb85.checkpoint.json,chunked-943a62bcbb85,task-5293f1623866,8,RW-0005,fda_part11_agent,qwen2.5:7b-instruct-q4_K_M,True,,False,UNPARSEABLE_RAW_RESPONSE,N/A_no_truncado
tier1_dry_run_20260812,tier1_dry_run_20260812/checkpoints/chunked-943a62bcbb85.checkpoint.json,chunked-943a62bcbb85,task-74cedb552c56,9,RW-0005,fda_part11_agent,qwen2.5:7b-instruct-q4_K_M,True,,False,UNPARSEABLE_RAW_RESPONSE,N/A_no_truncado
tier1_dry_run_20260812,tier1_dry_run_20260812/checkpoints/chunked-943a62bcbb85.checkpoint.json,chunked-943a62bcbb85,task-db8e80b148e9,10,RW-0005,fda_part11_agent,qwen2.5:7b-instruct-q4_K_M,True,,False,UNPARSEABLE_RAW_RESPONSE,N/A_no_truncado
tier1_dry_run_20260812,tier1_dry_run_20260812/checkpoints/chunked-943a62bcbb85.checkpoint.json,chunked-943a62bcbb85,task-75f1d71a33a2,11,RW-0005,fda_part11_agent,qwen2.5:7b-instruct-q4_K_M,True,,False,UNPARSEABLE_RAW_RESPONSE,N/A_no_truncado
tier1_dry_run_20260812,tier1_dry_run_20260812/checkpoints/chunked-943a62bcbb85.checkpoint.json,chunked-943a62bcbb85,task-ca74e829b21c,12,RW-0005,fda_part11_agent,qwen2.5:7b-instruct-q4_K_M,True,,False,UNPARSEABLE_RAW_RESPONSE,N/A_no_truncado
tier1_dry_run_20260812,tier1_dry_run_20260812/checkpoints/chunked-943a62bcbb85.checkpoint.json,chunked-943a62bcbb85,task-6bf2d42382b3,13,RW-0005,fda_part11_agent,qwen2.5:7b-instruct-q4_K_M,True,,False,UNPARSEABLE_RAW_RESPONSE,N/A_no_truncado
tier1_dry_run_20260812,tier1_dry_run_20260812/checkpoints/chunked-943a62bcbb85.checkpoint.json,chunked-943a62bcbb85,task-87f710d05cf3,14,RW-0005,fda_part11_agent,qwen2.5:7b-instruct-q4_K_M,True,,False,UNPARSEABLE_RAW_RESPONSE,N/A_no_truncado
tier1_dry_run_20260812,tier1_dry_run_20260812/checkpoints/chunked-943a62bcbb85.checkpoint.json,chunked-943a62bcbb85,task-ebb63a04a2a0,15,RW-0005,fda_part11_agent,qwen2.5:7b-instruct-q4_K_M,True,,False,UNPARSEABLE_RAW_RESPONSE,N/A_no_truncado
tier1_dry_run_20260812,tier1_dry_run_20260812/checkpoints/chunked-943a62bcbb85.checkpoint.json,chunked-943a62bcbb85,task-443726902be0,16,RW-0005,fda_part11_agent,qwen2.5:7b-instruct-q4_K_M,True,,False,UNPARSEABLE_RAW_RESPONSE,N/A_no_truncado
tier1_dry_run_20260812,tier1_dry_run_20260812/checkpoints/chunked-943a62bcbb85.checkpoint.json,chunked-943a62bcbb85,task-456a8c1ae869,17,RW-0005,fda_part11_agent,qwen2.5:7b-instruct-q4_K_M,True,,False,UNPARSEABLE_RAW_RESPONSE,N/A_no_truncado
tier1_dry_run_20260812,tier1_dry_run_20260812/checkpoints/chunked-943a62bcbb85.checkpoint.json,chunked-943a62bcbb85,task-c8a68cfc61a7,18,RW-0005,fda_part11_agent,qwen2.5:7b-instruct-q4_K_M,True,,False,UNPARSEABLE_RAW_RESPONSE,N/A_no_truncado
tier1_dry_run_20260812,tier1_dry_run_20260812/checkpoints/chunked-943a62bcbb85.checkpoint.json,chunked-943a62bcbb85,task-5007a6743ceb,19,RW-0005,fda_part11_agent,qwen2.5:7b-instruct-q4_K_M,True,,False,UNPARSEABLE_RAW_RESPONSE,N/A_no_truncado
tier1_dry_run_20260812,tier1_dry_run_20260812/checkpoints/chunked-943a62bcbb85.checkpoint.json,chunked-943a62bcbb85,task-d214c5e3983f,20,RW-0005,fda_part11_agent,qwen2.5:7b-instruct-q4_K_M,True,,False,UNPARSEABLE_RAW_RESPONSE,N/A_no_truncado
tier1_dry_run_20260812,tier1_dry_run_20260812/checkpoints/chunked-943a62bcbb85.checkpoint.json,chunked-943a62bcbb85,task-3f695e540e4c,21,RW-0005,fda_part11_agent,qwen2.5:7b-instruct-q4_K_M,True,,False,UNPARSEABLE_RAW_RESPONSE,N/A_no_truncado
tier1_dry_run_20260812,tier1_dry_run_20260812/checkpoints/chunked-943a62bcbb85.checkpoint.json,chunked-943a62bcbb85,task-b7076d281c8b,22,RW-0005,fda_part11_agent,qwen2.5:7b-instruct-q4_K_M,True,,False,UNPARSEABLE_RAW_RESPONSE,N/A_no_truncado
tier1_dry_run_20260812,tier1_dry_run_20260812/checkpoints/chunked-943a62bcbb85.checkpoint.json,chunked-943a62bcbb85,task-9adce79fb72f,23,RW-0005,fda_part11_agent,qwen2.5:7b-instruct-q4_K_M,True,,False,UNPARSEABLE_RAW_RESPONSE,N/A_no_truncado
tier1_dry_run_20260812,tier1_dry_run_20260812/checkpoints/chunked-943a62bcbb85.checkpoint.json,chunked-943a62bcbb85,task-fc9c7f1a9180,24,RW-0005,fda_part11_agent,qwen2.5:7b-instruct-q4_K_M,True,,False,UNPARSEABLE_RAW_RESPONSE,N/A_no_truncado
tier1_dry_run_20260812,tier1_dry_run_20260812/checkpoints/chunked-943a62bcbb85.checkpoint.json,chunked-943a62bcbb85,task-f10bd15f747a,25,RW-0005,fda_part11_agent,qwen2.5:7b-instruct-q4_K_M,True,,False,UNPARSEABLE_RAW_RESPONSE,N/A_no_truncado
tier1_dry_run_20260812,tier1_dry_run_20260812/checkpoints/chunked-943a62bcbb85.checkpoint.json,chunked-943a62bcbb85,task-20f719619611,26,RW-0005,fda_part11_agent,qwen2.5:7b-instruct-q4_K_M,True,,False,UNPARSEABLE_RAW_RESPONSE,N/A_no_truncado
tier1_dry_run_20260812,tier1_dry_run_20260812/checkpoints/chunked-943a62bcbb85.checkpoint.json,chunked-943a62bcbb85,task-1112c4d2671c,27,RW-0005,fda_part11_agent,qwen2.5:7b-instruct-q4_K_M,True,,False,UNPARSEABLE_RAW_RESPONSE,N/A_no_truncado
tier1_dry_run_20260812,tier1_dry_run_20260812/checkpoints/chunked-943a62bcbb85.checkpoint.json,chunked-943a62bcbb85,task-2809ed73a88a,28,RW-0005,fda_part11_agent,qwen2.5:7b-instruct-q4_K_M,True,,False,UNPARSEABLE_RAW_RESPONSE,N/A_no_truncado
tier1_dry_run_20260812,tier1_dry_run_20260812/chunked-943a62bcbb85.checkpoint.json,chunked-943a62bcbb85,task-206f877bdaad,0,RW-0005,fda_part11_agent,qwen2.5:7b-instruct-q4_K_M,True,,False,UNPARSEABLE_RAW_RESPONSE,N/A_no_truncado
tier1_dry_run_20260812,tier1_dry_run_20260812/chunked-943a62bcbb85.checkpoint.json,chunked-943a62bcbb85,task-e9ee7bb9552b,1,RW-0005,fda_part11_agent,qwen2.5:7b-instruct-q4_K_M,True,,False,UNPARSEABLE_RAW_RESPONSE,N/A_no_truncado
tier1_dry_run_20260812,tier1_dry_run_20260812/chunked-943a62bcbb85.checkpoint.json,chunked-943a62bcbb85,task-31f89d6d5ad3,2,RW-0005,fda_part11_agent,qwen2.5:7b-instruct-q4_K_M,True,,False,UNPARSEABLE_RAW_RESPONSE,N/A_no_truncado
tier1_dry_run_20260812,tier1_dry_run_20260812/chunked-943a62bcbb85.checkpoint.json,chunked-943a62bcbb85,task-6aaa445972d7,3,RW-0005,fda_part11_agent,qwen2.5:7b-instruct-q4_K_M,True,,False,UNPARSEABLE_RAW_RESPONSE,N/A_no_truncado
tier1_dry_run_20260812,tier1_dry_run_20260812/chunked-943a62bcbb85.checkpoint.json,chunked-943a62bcbb85,task-52752f6d5a2e,4,RW-0005,fda_part11_agent,qwen2.5:7b-instruct-q4_K_M,True,,False,UNPARSEABLE_RAW_RESPONSE,N/A_no_truncado
tier1_dry_run_20260812,tier1_dry_run_20260812/chunked-943a62bcbb85.checkpoint.json,chunked-943a62bcbb85,task-3822eda6cf70,5,RW-0005,fda_part11_agent,qwen2.5:7b-instruct-q4_K_M,True,,False,UNPARSEABLE_RAW_RESPONSE,N/A_no_truncado
tier1_dry_run_20260812,tier1_dry_run_20260812/chunked-943a62bcbb85.checkpoint.json,chunked-943a62bcbb85,task-f61ea2287146,6,RW-0005,fda_part11_agent,qwen2.5:7b-instruct-q4_K_M,True,,False,UNPARSEABLE_RAW_RESPONSE,N/A_no_truncado
tier1_dry_run_20260812,tier1_dry_run_20260812/chunked-943a62bcbb85.checkpoint.json,chunked-943a62bcbb85,task-b0e46ac1e6a8,7,RW-0005,fda_part11_agent,qwen2.5:7b-instruct-q4_K_M,True,,False,UNPARSEABLE_RAW_RESPONSE,N/A_no_truncado
tier1_dry_run_20260812,tier1_dry_run_20260812/chunked-943a62bcbb85.checkpoint.json,chunked-943a62bcbb85,task-5293f1623866,8,RW-0005,fda_part11_agent,qwen2.5:7b-instruct-q4_K_M,True,,False,UNPARSEABLE_RAW_RESPONSE,N/A_no_truncado
tier1_dry_run_20260812,tier1_dry_run_20260812/chunked-943a62bcbb85.checkpoint.json,chunked-943a62bcbb85,task-74cedb552c56,9,RW-0005,fda_part11_agent,qwen2.5:7b-instruct-q4_K_M,True,,False,UNPARSEABLE_RAW_RESPONSE,N/A_no_truncado
tier1_dry_run_20260812,tier1_dry_run_20260812/chunked-943a62bcbb85.checkpoint.json,chunked-943a62bcbb85,task-db8e80b148e9,10,RW-0005,fda_part11_agent,qwen2.5:7b-instruct-q4_K_M,True,,False,UNPARSEABLE_RAW_RESPONSE,N/A_no_truncado
tier1_dry_run_20260812,tier1_dry_run_20260812/chunked-943a62bcbb85.checkpoint.json,chunked-943a62bcbb85,task-75f1d71a33a2,11,RW-0005,fda_part11_agent,qwen2.5:7b-instruct-q4_K_M,True,,False,UNPARSEABLE_RAW_RESPONSE,N/A_no_truncado
tier1_dry_run_20260812,tier1_dry_run_20260812/chunked-943a62bcbb85.checkpoint.json,chunked-943a62bcbb85,task-ca74e829b21c,12,RW-0005,fda_part11_agent,qwen2.5:7b-instruct-q4_K_M,True,,False,UNPARSEABLE_RAW_RESPONSE,N/A_no_truncado
tier1_dry_run_20260812,tier1_dry_run_20260812/chunked-943a62bcbb85.checkpoint.json,chunked-943a62bcbb85,task-6bf2d42382b3,13,RW-0005,fda_part11_agent,qwen2.5:7b-instruct-q4_K_M,True,,False,UNPARSEABLE_RAW_RESPONSE,N/A_no_truncado
tier1_dry_run_20260812,tier1_dry_run_20260812/chunked-943a62bcbb85.checkpoint.json,chunked-943a62bcbb85,task-87f710d05cf3,14,RW-0005,fda_part11_agent,qwen2.5:7b-instruct-q4_K_M,True,,False,UNPARSEABLE_RAW_RESPONSE,N/A_no_truncado
tier1_dry_run_20260812,tier1_dry_run_20260812/chunked-943a62bcbb85.checkpoint.json,chunked-943a62bcbb85,task-ebb63a04a2a0,15,RW-0005,fda_part11_agent,qwen2.5:7b-instruct-q4_K_M,True,,False,UNPARSEABLE_RAW_RESPONSE,N/A_no_truncado
tier1_dry_run_20260812,tier1_dry_run_20260812/chunked-943a62bcbb85.checkpoint.json,chunked-943a62bcbb85,task-443726902be0,16,RW-0005,fda_part11_agent,qwen2.5:7b-instruct-q4_K_M,True,,False,UNPARSEABLE_RAW_RESPONSE,N/A_no_truncado
tier1_dry_run_20260812,tier1_dry_run_20260812/chunked-943a62bcbb85.checkpoint.json,chunked-943a62bcbb85,task-456a8c1ae869,17,RW-0005,fda_part11_agent,qwen2.5:7b-instruct-q4_K_M,True,,False,UNPARSEABLE_RAW_RESPONSE,N/A_no_truncado
tier1_dry_run_20260812,tier1_dry_run_20260812/chunked-943a62bcbb85.checkpoint.json,chunked-943a62bcbb85,task-c8a68cfc61a7,18,RW-0005,fda_part11_agent,qwen2.5:7b-instruct-q4_K_M,True,,False,UNPARSEABLE_RAW_RESPONSE,N/A_no_truncado
tier1_dry_run_20260812,tier1_dry_run_20260812/chunked-943a62bcbb85.checkpoint.json,chunked-943a62bcbb85,task-5007a6743ceb,19,RW-0005,fda_part11_agent,qwen2.5:7b-instruct-q4_K_M,True,,False,UNPARSEABLE_RAW_RESPONSE,N/A_no_truncado
tier1_dry_run_20260812,tier1_dry_run_20260812/chunked-943a62bcbb85.checkpoint.json,chunked-943a62bcbb85,task-d214c5e3983f,20,RW-0005,fda_part11_agent,qwen2.5:7b-instruct-q4_K_M,True,,False,UNPARSEABLE_RAW_RESPONSE,N/A_no_truncado
tier1_dry_run_20260812,tier1_dry_run_20260812/chunked-943a62bcbb85.checkpoint.json,chunked-943a62bcbb85,task-3f695e540e4c,21,RW-0005,fda_part11_agent,qwen2.5:7b-instruct-q4_K_M,True,,False,UNPARSEABLE_RAW_RESPONSE,N/A_no_truncado
tier1_dry_run_20260812,tier1_dry_run_20260812/chunked-943a62bcbb85.checkpoint.json,chunked-943a62bcbb85,task-b7076d281c8b,22,RW-0005,fda_part11_agent,qwen2.5:7b-instruct-q4_K_M,True,,False,UNPARSEABLE_RAW_RESPONSE,N/A_no_truncado
tier1_dry_run_20260812,tier1_dry_run_20260812/chunked-943a62bcbb85.checkpoint.json,chunked-943a62bcbb85,task-9adce79fb72f,23,RW-0005,fda_part11_agent,qwen2.5:7b-instruct-q4_K_M,True,,False,UNPARSEABLE_RAW_RESPONSE,N/A_no_truncado
tier1_dry_run_20260812,tier1_dry_run_20260812/chunked-943a62bcbb85.checkpoint.json,chunked-943a62bcbb85,task-fc9c7f1a9180,24,RW-0005,fda_part11_agent,qwen2.5:7b-instruct-q4_K_M,True,,False,UNPARSEABLE_RAW_RESPONSE,N/A_no_truncado
tier1_dry_run_20260812,tier1_dry_run_20260812/chunked-943a62bcbb85.checkpoint.json,chunked-943a62bcbb85,task-f10bd15f747a,25,RW-0005,fda_part11_agent,qwen2.5:7b-instruct-q4_K_M,True,,False,UNPARSEABLE_RAW_RESPONSE,N/A_no_truncado
tier1_dry_run_20260812,tier1_dry_run_20260812/chunked-943a62bcbb85.checkpoint.json,chunked-943a62bcbb85,task-20f719619611,26,RW-0005,fda_part11_agent,qwen2.5:7b-instruct-q4_K_M,True,,False,UNPARSEABLE_RAW_RESPONSE,N/A_no_truncado
tier1_dry_run_20260812,tier1_dry_run_20260812/chunked-943a62bcbb85.checkpoint.json,chunked-943a62bcbb85,task-1112c4d2671c,27,RW-0005,fda_part11_agent,qwen2.5:7b-instruct-q4_K_M,True,,False,UNPARSEABLE_RAW_RESPONSE,N/A_no_truncado
tier1_dry_run_20260812,tier1_dry_run_20260812/chunked-943a62bcbb85.checkpoint.json,chunked-943a62bcbb85,task-2809ed73a88a,28,RW-0005,fda_part11_agent,qwen2.5:7b-instruct-q4_K_M,True,,False,UNPARSEABLE_RAW_RESPONSE,N/A_no_truncado
r1_5_h2h4_chunked-596f70cc4520,r1_5_h2h4_chunked-596f70cc4520/checkpoint.json,chunked-596f70cc4520,task-3d9d395fa99e,0,RW-0005,alcoa_plus_agent,qwen2.5:7b-instruct-q4_K_M,True,,False,ALCOA_CONTEMPORANEOUS=cumple_parcialmente,N/A_no_truncado
r1_smoke_chunked-2ef3d38d2538,r1_smoke_chunked-2ef3d38d2538/checkpoint.json,chunked-2ef3d38d2538,task-70b3354a5168,0,RW-0005,alcoa_plus_agent,qwen2.5:7b-instruct-q4_K_M,True,,False,UNPARSEABLE_RAW_RESPONSE,N/A_no_truncado
